{"cameraMode":{"drawMode":0,"name":"Shaded","section":"Shading Mode"},"sceneLighting":false,"audioPlay":false,"sceneViewState":{"m_AlwaysRefresh":false,"showFog":true,"showSkybox":false,"showFlares":true,"showImageEffects":true,"showParticleSystems":true,"showVisualEffectGraphs":true,"m_FxEnabled":true},"in2DMode":false,"pivot":{"x":-0.3657499849796295,"y":0.4999999701976776,"z":-0.3657499849796295},"rotation":{"x":0.413893461227417,"y":-0.04148761183023453,"z":0.018886663019657136,"w":0.9091834425926209},"size":0.534832775592804,"orthographic":false}