{"cameraMode":{"drawMode":0,"name":"Shaded","section":"Shading Mode"},"sceneLighting":false,"audioPlay":false,"sceneViewState":{"m_AlwaysRefresh":false,"showFog":true,"showSkybox":false,"showFlares":true,"showImageEffects":true,"showParticleSystems":true,"showVisualEffectGraphs":true,"m_FxEnabled":true},"in2DMode":false,"pivot":{"x":0.2895437180995941,"y":0.1976536214351654,"z":0.04227260500192642},"rotation":{"x":-0.0010970161529257894,"y":-0.9934096932411194,"z":0.11434376239776612,"w":-0.009540547616779805},"size":1.4092659950256348,"orthographic":true}