{"cameraMode":{"drawMode":0,"name":"Shaded","section":"Shading Mode"},"sceneLighting":true,"audioPlay":false,"sceneViewState":{"m_AlwaysRefresh":false,"showFog":true,"showSkybox":true,"showFlares":true,"showImageEffects":true,"showParticleSystems":true,"showVisualEffectGraphs":true,"m_FxEnabled":true},"in2DMode":false,"pivot":{"x":-0.21736103296279908,"y":-7.390177249908447,"z":-2.2908859252929689},"rotation":{"x":0.3117797076702118,"y":-0.41002121567726138,"z":0.15153072774410249,"w":0.8436322212219238},"size":10.281303405761719,"orthographic":false}