{"cameraMode":{"drawMode":0,"name":"Shaded","section":"Shading Mode"},"sceneLighting":false,"audioPlay":false,"sceneViewState":{"m_AlwaysRefresh":false,"showFog":true,"showSkybox":false,"showFlares":true,"showImageEffects":true,"showParticleSystems":true,"showVisualEffectGraphs":true,"m_FxEnabled":true},"in2DMode":false,"pivot":{"x":-0.4357808530330658,"y":-0.15823212265968324,"z":0.4983067810535431},"rotation":{"x":-0.13208931684494019,"y":0.5444902181625366,"z":-0.08731655031442642,"w":-0.8236871361732483},"size":1.540385365486145,"orthographic":false}