{"cameraMode":{"drawMode":0,"name":"Shaded","section":"Shading Mode"},"sceneLighting":false,"audioPlay":false,"sceneViewState":{"m_AlwaysRefresh":false,"showFog":true,"showSkybox":false,"showFlares":true,"showImageEffects":true,"showParticleSystems":true,"showVisualEffectGraphs":true,"m_FxEnabled":true},"in2DMode":false,"pivot":{"x":-0.8051109910011292,"y":-0.9086536765098572,"z":0.20070824027061463},"rotation":{"x":-0.1848854422569275,"y":0.8114110231399536,"z":-0.3467087745666504,"w":-0.43269166350364687},"size":1.8263314962387086,"orthographic":false}