{"cameraMode":{"drawMode":0,"name":"Shaded","section":"Shading Mode"},"sceneLighting":true,"audioPlay":false,"sceneViewState":{"m_AlwaysRefresh":false,"showFog":true,"showSkybox":true,"showFlares":true,"showImageEffects":true,"showParticleSystems":true,"showVisualEffectGraphs":true,"m_FxEnabled":true},"in2DMode":false,"pivot":{"x":-0.27000895142555239,"y":0.20473724603652955,"z":-1.6764097213745118},"rotation":{"x":0.23127582669258119,"y":-0.00933969859033823,"z":0.002219083486124873,"w":0.9728484749794006},"size":4.98502779006958,"orthographic":true}