{"cameraMode":{"drawMode":0,"name":"Shaded","section":"Shading Mode"},"sceneLighting":false,"audioPlay":false,"sceneViewState":{"m_AlwaysRefresh":false,"showFog":true,"showSkybox":false,"showFlares":true,"showImageEffects":true,"showParticleSystems":true,"showVisualEffectGraphs":true,"m_FxEnabled":true},"in2DMode":false,"pivot":{"x":-0.6075989007949829,"y":0.1256430745124817,"z":-0.45741406083106997},"rotation":{"x":-0.02209964208304882,"y":0.8949875831604004,"z":-0.04461614787578583,"w":-0.4433079957962036},"size":0.7485219240188599,"orthographic":false}